feature,group_size,delta_RMSE_g_mean,delta_RMSE_g_std,delta_MAE_g_mean,delta_MAE_g_std,delta_R2_mean,delta_R2_std,baseline_RMSE_g,baseline_MAE_g,baseline_R2
Farm,4,1141.2322998046875,179.8045504744391,946.1169677734375,154.56590976403297,-0.5306994140148162,0.10245469878286939,1936.711669921875,1329.855712890625,0.654126763343811
Harvesting Type,2,395.9611083984375,44.45786700334031,287.9361328125,35.827941720454646,-0.1560673773288727,0.019114660258763932,1936.711669921875,1329.855712890625,0.654126763343811
Harvesting mechanism,5,371.2140380859375,81.33030762594034,236.2271728515625,64.22598790386309,-0.14590535163879395,0.034421015875608335,1936.711669921875,1329.855712890625,0.654126763343811
Year,2,38.42733154296875,23.895703263702377,82.93101806640625,24.15942668799786,-0.013914114236831665,0.008775066946414988,1936.711669921875,1329.855712890625,0.654126763343811
Stem Height(cm),1,27.79344482421875,18.715399057573375,41.880029296875,16.495845277718416,-0.010030621290206909,0.006777267878711737,1936.711669921875,1329.855712890625,0.654126763343811
Speed(ft/sec),1,13.2831298828125,10.959120730808003,3.7520263671875,8.085298962872018,-0.00477171540260315,0.003941761064693898,1936.711669921875,1329.855712890625,0.654126763343811
Total Fruit,1,9.549267578125,5.013422177512537,3.85203857421875,4.951443552678242,-0.003421449661254883,0.0018024676150125525,1936.711669921875,1329.855712890625,0.654126763343811
Total Stems,1,6.4421875,3.805740550356422,6.60350341796875,3.42230479334804,-0.002306115627288818,0.001364912554215942,1936.711669921875,1329.855712890625,0.654126763343811
No of Branches,1,5.9264404296875,10.728191278771273,2.5860107421875,8.721369640036286,-0.002130591869354248,0.0038392841451311025,1936.711669921875,1329.855712890625,0.654126763343811
